Topic;generic_EssayAuthor;generic_AuthorIsClicker;generic_AuthorIsQuerier;generic_BuildUpWritingStyle;generic_BoilDownWritingStyle;queries_NumberOfQueries;queries_NumberOfUniqueQueries;queries_NumberOfAnchorQueries;queries_NumberOfSearchSessions;queries_NumberOfSessions;queries_NumberOfQueryTerms;queries_NumberOfUniqueTerms;queries_NumberOfUniqueTermsFromSnippets;queries_NumberOfUniqueTermsFromDocuments;queries_AverageUniqueTermsPerAnchorQuery;queries_AverageUniqueTermsPerSession;queries_AverageUniqueTermsFromResultsPerUniqueQuery;queries_SecondsSpentQuerying;clicks_NumberOfClicks;clicks_NumberOfUsefulClicks;clicks_NumberOfPastes;clicks_NumberOfWordsPasted;clicks_NumberOfClickTrails;clicks_AverageDepthOfClickTrails;clicks_AveragePastesPerClick;clicks_AveragePastesPerClickPerSearchSession;clicks_AveragePasteWordsPerClick;clicks_AveragePasteWordsPerClickPerSearchSession;clicks_SecondsSpentReading;writingeffort_NumberOfRevisions;writingeffort_NumberOfMajorRevisions;writingeffort_NumberOfWordsInFinalRevision;writingeffort_NumberOfSourcesInFinalRevision;writingeffort_AverageNumberOfEditsPerPaste;writingeffort_PasteUtilityRate;writingeffort_SecondsSpentWriting;essayquality_TextIntegrationRate;essayquality_Organization;essayquality_ThesisClarity;essayquality_PromptAdherence;essayquality_ArgumentStrength;essayquality_SourceDetectionRate
1;u017;0;1;1;0;74;55;7;9;10;324;81;68;62;15.714;6.38;2;3728;68;29;25;9674;50;1.2;0.3676;0.0408;1.422.647;158.072;4892;3288;20;4912;20;1.037.083;19.695;20105;0.0748;3.271;3.891;3.025;3.978;0.4000
2;u017;0;1;1;0;68;59;3;8;11;341;79;71;67;20.000;8.5;2;1957;125;28;27;6249;111;1;0.2160;0.0270;499.920;62.490;3396;3151;22;4990;25;1.055.769;12.523;24623;0.0498;3.578;3.777;3.234;4.170;0.4400
3;u024;1;0;1;0;9;5;0;2;4;54;10;10;9;NaN;3.33;3;200;95;22;9;3807;26;6.59;0.0947;0.0474;400.737;200.368;2284;2240;20;4799;8;2.317.500;0.7933;9089;0.3147;3.182;3.090;2.690;3.046;10.000
4;u018;0;1;1;0;29;24;1;5;9;141;30;29;21;20.000;5.33;2;1033;36;8;8;7423;31;1;0.2222;0.0444;2.061.944;412.389;1771;2507;40;5315;8;1.804.286;13.966;22576;0.2554;3.861;3.509;4.011;4.079;0.8750
5;u017;0;1;1;1;56;47;7;11;25;275;54;53;49;18.571;5.18;2;1850;119;28;25;6602;70;1.8;0.2101;0.0191;554.790;50.435;4059;3679;37;5257;33;1.343.750;12.558;36682;0.0568;3.572;3.637;2.998;4.204;0.3636
6;u017;0;1;1;0;40;31;4;8;10;186;54;43;44;20.000;7.25;2;930;82;19;22;10055;64;1.2;0.2683;0.0335;1.226.219;153.277;3517;3565;24;5377;17;1.447.143;18.700;21168;0.1860;3.475;3.775;2.954;3.708;0.5882
7;u007;1;0;1;0;25;22;4;2;5;229;30;22;16;35.000;15.5;1;884;171;71;89;23036;7;3.84;0.5205;0.2602;1.347.135;673.567;4897;1167;55;14088;56;104.205;16.352;8136;0.0032;4.423;2.887;3.084;4.519;0.5536
8;u002;0;1;1;1;164;35;23;10;11;981;22;22;21;0.7826;1.94;1;13488;145;30;28;7964;114;1.05;0.1931;0.0193;549.241;54.924;7966;2049;21;3758;14;720.741;21.192;36651;0.0206;3.451;3.389;3.609;4.170;10.000
9;u017;0;1;1;1;15;11;1;6;9;72;15;15;11;30.000;3;2;552;31;6;3;1163;25;1;0.0968;0.0161;375.161;62.527;1839;2408;26;5191;10;4.315.000;0.2240;10800;0.0295;3.356;3.779;3.358;4.190;10.000
10;u002;0;1;0;1;104;25;16;11;26;825;25;24;23;12.500;2.92;1;10635;181;35;29;15950;108;1.56;0.1602;0.0146;881.215;80.110;11804;1015;41;5061;18;337.500;31.516;36427;0.0367;3.465;3.435;3.157;3.824;0.7778
11;u024;1;0;1;1;20;18;2;9;13;128;34;32;32;15.000;3.6;3;931;132;45;29;8938;74;1.39;0.2197;0.0244;677.121;75.236;5767;6530;66;6484;19;2.153.571;13.785;33999;0.3103;3.691;3.231;3.032;4.255;0.8947
12;u005;1;0;1;0;26;22;2;7;8;142;21;18;15;15.000;2.88;1;911;114;27;49;4565;37;1.92;0.4298;0.0614;400.439;57.206;5029;3224;23;4701;39;654.792;0.9711;13435;0.3285;3.182;3.009;2.875;3.992;0.3846
13;u021;1;0;1;0;76;31;12;17;28;334;33;30;29;11.667;2.16;1;3886;443;69;43;12212;110;4.49;0.0971;0.0057;275.666;16.216;20175;4693;46;5611;24;1.059.762;21.764;28211;0.0444;4.028;3.949;3.988;5.144;0.6250
14;u005;1;0;1;0;23;6;4;5;6;57;7;7;7;12.500;1.4;2;251;78;23;49;7327;70;1;0.6282;0.1256;939.359;187.872;2381;3190;59;4648;20;576.042;15.764;13461;0.0606;3.710;3.670;3.547;4.453;0.5263
15;u020;1;0;1;0;35;25;6;3;4;212;27;25;21;16.667;9;1;1084;48;1;2;1999;32;1.38;0.0417;0.0139;416.458;138.819;3587;3835;29;4663;10;5.710.000;0.4287;15694;0.3675;3.461;3.709;3.286;3.847;0.6000
16;u018;0;1;1;1;35;26;3;5;6;221;31;28;26;16.667;7.2;2;1411;33;14;7;8744;17;1.43;0.2121;0.0424;2.649.697;529.939;2041;1615;9;5363;0;1.826.667;16.304;12699;0.1938;4.044;3.798;3.630;4.460;10.000
17;u002;0;1;0;1;54;19;10;6;22;273;24;24;24;11.000;4.5;2;1643;106;33;27;14148;42;3.07;0.2547;0.0425;1.334.717;222.453;5420;4506;66;5134;19;1.722.308;27.557;82771;0.0123;3.427;3.535;3.348;3.955;0.7895
18;u002;0;1;1;1;70;26;17;6;9;365;26;22;21;11.176;4.33;1;1776;155;32;32;12425;69;1.85;0.2065;0.0344;801.613;133.602;4022;2254;25;5151;20;534.516;24.122;24762;0.0694;3.127;3.236;2.891;3.584;0.9000
19;u020;1;0;1;0;72;52;6;5;6;588;54;47;40;21.667;8;1;2667;88;0;0;NaN;59;2.1;0.0000;0.0000;NaN;NaN;4225;3657;42;4445;14;NaN;NaN;15363;0.5083;3.503;3.837;3.520;3.716;0.1538
20;u005;1;0;1;1;15;13;4;5;6;92;16;14;12;20.000;3.6;2;594;65;16;46;8340;42;1.39;0.7077;0.1415;1.283.077;256.615;1849;2843;34;4692;16;598.222;17.775;11356;0.0324;3.699;4.097;3.657;4.033;0.6875
21;u024;1;0;0;1;5;3;1;2;3;16;4;4;4;10.000;2;2;216;19;9;14;5424;9;1.75;0.7368;0.3684;2.854.737;1.427.368;705;1443;15;4753;5;87.692;11.412;8428;0.1049;3.772;3.872;3.645;4.194;10.000
22;u002;0;1;0;1;145;45;26;11;16;1250;47;40;37;11.538;3.11;1;12891;169;46;16;12456;87;2.27;0.0947;0.0086;737.041;67.004;17985;1298;26;4807;14;806.667;25.912;31728;0.0401;3.219;3.482;2.904;3.529;0.7857
23;u024;1;0;1;1;10;7;0;1;2;38;10;6;7;NaN;5;1;311;55;23;22;6391;24;1.89;0.4000;0.4000;1.162.000;1.162.000;1352;1319;29;5714;18;289.524;11.185;3977;0.0688;3.435;3.463;3.100;4.270;0.9412
24;u014;1;0;0;1;8;5;1;4;14;34;8;8;7;10.000;1.6;3;797;66;28;10;5455;30;1.78;0.1515;0.0379;826.515;206.629;6634;6948;13;4863;9;53.333;11.217;34849;0.0138;3.650;4.133;3.513;3.820;0.3333
25;u017;0;1;1;1;67;58;3;9;9;214;65;55;56;10.000;7.44;1;1577;78;28;25;9167;63;1.14;0.3205;0.0356;1.175.256;130.584;3207;2940;16;4625;25;1.090.833;19.821;18244;0.0684;3.684;4.058;3.440;3.867;0.6087
26;u001;1;0;0;1;17;11;2;8;14;72;14;12;13;25.000;1.75;2;1107;166;31;36;8944;163;1;0.2169;0.0271;538.795;67.349;4989;3132;35;5803;18;718.286;15.413;26379;0.0173;4.092;3.717;3.870;4.316;10.000
27;u002;0;1;0;1;124;48;27;8;11;741;56;46;44;13.704;6.56;1;2910;399;81;64;21535;185;2.02;0.1604;0.0201;539.724;67.466;8228;4146;51;4768;23;554.286;45.166;32189;0.0502;3.629;3.531;3.276;3.992;0.3913
28;u018;0;1;1;0;68;35;10;10;15;289;89;74;67;12.000;9.4;4;1951;51;10;12;12548;44;1;0.2353;0.0235;2.460.392;246.039;2595;2903;31;4857;11;1.662.727;25.835;24302;0.3563;3.612;3.520;2.979;3.721;0.8182
29;u005;1;0;1;0;33;23;6;7;10;156;19;16;14;11.667;2.62;1;810;149;55;51;8249;41;2.23;0.3423;0.0489;553.624;79.089;3768;3586;64;4673;44;646.800;17.652;13345;0.0712;3.429;3.486;2.626;3.824;0.3864
30;u002;0;1;0;1;55;17;8;7;8;255;21;21;20;17.500;3.57;2;1674;150;40;39;14026;70;2;0.2600;0.0371;935.067;133.581;3390;2065;36;5251;16;460.526;26.711;9429;0.1056;3.743;3.695;3.755;3.983;0.3750
31;u002;0;1;0;1;110;32;21;12;16;623;24;24;22;0.8571;2.86;1;6681;185;17;12;6353;106;1.95;0.0649;0.0054;343.405;28.617;8020;1032;55;3103;9;702.727;20.474;19799;0.0190;3.199;3.954;3.442;3.505;10.000
32;u002;0;1;1;0;30;23;4;11;18;127;30;24;24;15.000;2.82;2;1037;33;11;11;4012;26;1.4;0.3333;0.0303;1.215.758;110.523;1110;2188;26;4541;10;1.897.000;0.8835;17935;0.0785;3.226;3.465;2.930;3.921;0.8000
33;u021;1;0;0;1;21;17;1;7;9;150;19;18;18;30.000;2.33;2;3548;139;34;38;5078;79;1.61;0.2734;0.0391;365.324;52.189;5110;4771;9;5043;15;1.035.676;10.069;27185;0.0182;3.461;3.534;3.347;4.507;0.8000
34;u018;0;1;1;0;24;20;1;8;13;141;27;25;20;50.000;3.5;2;918;30;11;12;4663;24;1;0.4000;0.0500;1.554.333;194.292;1677;2316;17;5115;0;1.434.545;0.9116;16575;0.3977;3.155;3.526;2.801;3.764;10.000
35;u005;1;0;1;0;23;19;4;7;8;90;22;18;17;10.000;3.14;1;542;103;21;29;7087;74;1.33;0.2816;0.0402;688.058;98.294;3403;2568;49;3604;33;861.786;19.664;11398;0.0238;3.467;3.597;3.433;4.052;0.4848
36;u005;1;0;1;1;30;17;0;8;10;166;25;22;22;NaN;3;2;1060;103;43;43;6472;69;1.38;0.4175;0.0522;628.350;78.544;4769;3884;37;4968;17;796.905;13.027;22424;0.0163;3.785;3.523;3.601;4.475;0.9412
37;u002;0;1;1;1;104;30;15;7;10;657;25;23;22;0.9333;4.25;1;3238;213;57;28;8402;112;1.61;0.1315;0.0188;394.460;56.351;10993;2196;19;6318;19;792.963;13.299;27220;0.1732;3.750;3.740;3.147;3.327;0.8824
38;u018;0;1;1;0;27;19;2;9;11;109;21;16;15;15.000;2.2;1;935;29;9;7;2661;22;1;0.2414;0.0268;917.586;101.954;1305;2036;9;5020;6;2.218.333;0.5301;13201;0.3812;3.201;3.293;3.208;3.725;0.6667
39;u007;1;0;1;1;15;6;3;3;4;60;6;4;4;10.000;2;1;369;152;88;134;26597;15;2.48;0.8816;0.2939;1.749.803;583.268;4211;1434;92;9825;52;99.398;27.071;9767;0.0064;4.075;3.024;2.711;4.057;0.4902
40;u017;0;1;1;0;18;14;0;5;9;60;16;16;15;NaN;3.2;2;580;65;17;13;3768;52;1.33;0.2000;0.0400;579.692;115.938;1937;2806;13;4875;18;2.057.500;0.7729;23060;0.1009;3.452;3.438;3.032;3.959;0.5556
41;u007;1;0;1;1;24;12;5;3;3;194;13;10;9;16.000;4.75;1;752;131;81;102;12116;43;1.13;0.7786;0.2595;924.885;308.295;3151;792;32;7614;51;72.970;15.913;6383;0.0323;3.854;3.718;3.366;4.404;0.9200
42;u017;0;1;1;0;109;82;14;15;17;555;153;143;136;24.286;9.88;3;4056;94;25;23;9145;74;1.5;0.2447;0.0163;972.872;64.858;5219;1510;28;5073;38;600.455;18.027;24195;0.1224;3.569;3.858;3.016;3.923;0.2973
43;u020;1;0;1;0;15;10;1;2;3;132;22;17;16;50.000;7.33;3;415;23;4;9;1733;9;1.75;0.3913;0.1957;753.478;376.739;943;3666;52;4729;5;2.628.750;0.3665;14715;0.5704;3.449;3.902;3.558;4.192;0.2000
44;u018;0;1;1;0;76;56;1;8;11;434;52;48;45;10.000;5.8;1;2685;97;8;9;4146;71;1.37;0.0928;0.0116;427.423;53.428;4087;3006;12;4963;0;2.843.750;0.8354;28414;0.1968;3.972;3.842;3.614;4.213;0.5714
45;u021;1;0;1;0;24;17;1;12;17;128;25;23;23;20.000;1.79;2;1370;237;110;45;6610;62;2.39;0.1899;0.0158;278.903;23.242;10721;5084;41;5202;30;828.864;12.707;29446;0.0308;3.644;4.017;4.230;4.931;0.8276
46;u007;1;0;1;1;9;7;0;1;1;62;10;8;8;NaN;3.67;2;242;76;55;69;10079;5;5.42;0.9079;0.9079;1.326.184;1.326.184;1738;735;45;5551;42;102.059;18.157;5592;0.0057;3.749;4.051;3.570;3.953;10.000
47;u002;0;1;0;1;84;18;12;8;16;583;21;21;21;15.000;2.5;2;9461;105;24;19;10903;58;2.52;0.1810;0.0226;1.038.381;129.798;6046;1466;23;4941;12;740.000;22.066;34674;0.0198;3.104;3.135;2.893;3.854;0.9167
48;u018;0;1;1;0;56;34;3;9;12;222;39;36;33;16.667;4;2;2720;79;20;22;5909;56;1.12;0.2785;0.0309;747.975;83.108;4894;1732;29;4869;0;774.762;12.136;17555;0.2945;3.518;3.788;3.139;3.967;10.000
49;u002;0;1;0;1;307;44;33;15;20;1946;26;24;23;0.7273;1.89;1;15988;351;33;10;8246;280;1.19;0.0285;0.0019;234.929;15.662;22804;1816;26;4788;11;1.604.444;17.222;23789;0.0686;3.477;3.137;2.890;3.620;0.7273
50;u002;0;1;0;1;39;20;8;8;12;213;24;21;21;13.750;3;2;1214;98;40;29;15433;67;1.55;0.2959;0.0370;1.574.796;196.849;2941;4017;36;5036;18;1.346.071;30.645;41753;0.1090;3.394;3.407;3.612;4.110;0.8889
51;u002;0;1;0;1;86;39;15;10;19;451;28;26;27;10.000;3.33;1;6627;171;44;29;12761;117;1.66;0.1696;0.0170;746.257;74.626;5469;5720;28;5013;25;1.757.500;25.456;53733;0.0262;3.552;3.457;3.758;4.106;0.8750
52;u018;0;1;1;1;29;22;2;4;9;124;23;18;16;10.000;7;1;1278;45;5;9;19249;36;1.2;0.2000;0.0500;4.277.556;1.069.389;2502;2174;15;4787;9;615.000;40.211;20050;0.2207;3.731;3.652;3.465;4.043;0.8889
53;u002;0;1;0;1;96;50;15;11;25;644;35;30;29;12.667;4.08;1;6355;263;64;31;16336;86;3.56;0.1179;0.0107;621.141;56.467;17644;2553;41;5186;23;781.333;31.500;45082;0.0253;3.378;3.161;3.275;3.966;0.5714
54;u006;0;1;1;0;56;42;4;6;6;468;47;42;40;22.500;4.7;1;9520;35;15;13;3320;33;0;0.3714;0.0619;948.571;158.095;6026;907;22;4488;12;642.500;0.7398;13508;0.1110;3.441;3.940;3.516;4.259;0.8333
55;u021;1;0;1;0;41;19;3;11;14;192;36;29;30;20.000;2.92;3;3089;83;37;42;10615;43;1.53;0.5060;0.0460;1.278.916;116.265;4725;3449;42;5306;14;729.268;20.006;21787;0.0093;3.646;3.777;4.203;4.333;0.9286
56;u018;0;1;1;1;27;20;1;5;7;176;30;25;25;20.000;4.43;2;798;64;12;10;13433;45;1.67;0.1563;0.0313;2.098.906;419.781;3307;1908;17;5519;9;1.200.000;24.340;13107;0.0816;3.727;3.889;3.193;4.057;0.7778
57;u005;1;0;1;0;18;17;2;3;7;88;18;14;12;20.000;6;1;294;131;43;54;6852;41;2.62;0.4122;0.1374;523.053;174.351;4746;3866;55;4722;46;713.585;14.511;16381;0.0012;3.654;3.827;3.687;4.342;0.3696
58;u002;0;1;1;1;105;33;16;12;16;396;29;26;25;0.8125;1.94;1;4333;307;106;77;14836;165;1.46;0.2508;0.0209;483.257;40.271;12489;3061;38;4740;29;391.711;31.300;42735;0.0136;3.662;4.082;3.832;4.438;0.7241
59;u002;0;1;0;1;58;28;15;8;19;307;19;18;17;0.8667;2.38;1;2065;196;46;27;13209;62;2.31;0.1378;0.0172;673.929;84.241;5184;5480;63;4952;16;1.795.000;26.674;46228;0.0415;3.589;3.342;3.380;3.477;0.9375
60;u018;0;1;1;0;77;57;5;5;6;475;70;59;59;22.000;10.57;2;2253;80;16;12;4999;52;1.57;0.1500;0.0300;624.875;124.975;3234;1842;49;4696;0;961.818;10.645;17523;0.0374;3.830;3.894;3.527;4.026;10.000
61;u018;0;1;1;0;10;9;0;2;4;40;11;10;6;NaN;5.5;1;266;19;11;11;4810;15;1.33;0.5789;0.2895;2.531.579;1.265.789;966;3076;21;4971;9;1.538.000;0.9676;9424;0.1483;3.221;3.379;3.127;3.520;0.7778
62;u017;0;1;1;1;31;23;5;6;10;131;22;20;19;14.000;3.83;1;1354;53;16;13;8762;44;1;0.2453;0.0409;1.653.208;275.535;2729;3197;33;4904;13;1.861.667;17.867;16583;0.1508;3.647;4.037;3.715;4.373;0.6667
63;u005;1;0;1;0;33;31;2;10;11;222;48;41;38;25.000;5.3;2;967;112;48;66;6126;67;1.94;0.5893;0.0589;546.964;54.696;3091;3367;53;4806;53;495.385;12.747;13919;0.0131;3.937;3.657;3.358;4.216;0.4906
64;u002;0;1;0;1;56;18;8;4;4;208;17;15;15;13.750;2.25;1;4569;98;21;19;12736;59;1.87;0.1939;0.0485;1.299.592;324.898;8332;1554;26;4933;12;771.667;25.818;16431;0.0350;3.919;3.900;4.163;4.366;0.6667
65;u017;0;1;1;1;134;63;4;11;11;401;71;65;61;12.500;6.25;2;2685;79;27;26;7987;71;0;0.3291;0.0299;1.011.013;91.910;4147;2538;29;4828;26;741.200;16.543;16209;0.1911;3.678;3.804;3.193;3.964;0.5000
66;u020;1;0;1;0;35;33;1;6;6;242;44;43;37;30.000;7.5;2;1463;74;0;0;NaN;45;2.57;0.0000;0.0000;NaN;NaN;2962;3767;19;4878;0;NaN;NaN;22659;0.6444;3.342;3.594;3.049;3.817;0.7000
67;u002;0;1;0;1;92;34;10;14;27;460;47;46;40;10.000;3.44;2;6192;164;40;36;14258;91;2.07;0.2195;0.0157;869.390;62.099;9800;3795;34;5092;20;981.714;28.001;60569;0.0158;3.473;3.554;3.872;4.086;10.000
68;u024;1;0;0;1;21;17;2;6;10;102;20;16;15;20.000;3.5;1;1175;140;60;41;13759;77;3.16;0.2929;0.0488;982.786;163.798;4401;4542;59;4553;15;877.750;30.220;21182;0.2179;3.686;3.916;3.880;4.718;0.7333
69;u020;1;0;1;1;13;11;1;5;9;76;16;14;14;20.000;3.4;2;304;94;22;19;7324;39;1.92;0.2021;0.0404;779.149;155.830;2724;4430;36;5425;12;1.835.000;13.500;18979;0.2203;3.334;3.272;3.060;3.722;10.000
70;u020;1;0;1;0;36;20;12;8;34;183;31;23;22;15.833;3.56;2;4970;150;68;7;1883;31;20.43;0.0467;0.0058;125.533;15.692;18759;5067;32;4762;8;4.838.333;0.3954;29109;0.5908;3.389;3.773;3.979;4.187;0.4286
71;u021;1;0;1;0;40;27;6;11;14;222;33;30;28;23.333;2.77;2;3705;281;45;38;7196;115;2.21;0.1352;0.0123;256.085;23.280;8501;3654;38;5546;19;869.189;12.975;20784;0.0980;4.063;3.736;3.735;4.720;0.7895
72;u005;1;0;1;0;22;15;2;5;7;90;14;10;10;20.000;2.33;1;334;67;18;36;13472;52;1.22;0.5373;0.1075;2.010.746;402.149;1543;3230;91;4698;16;878.000;28.676;11089;0.0010;3.702;3.974;3.380;4.208;0.3750
73;u024;1;0;1;1;9;7;0;4;8;46;11;11;11;NaN;2.75;3;301;94;48;27;12961;21;1;0.2872;0.0718;1.378.830;344.707;2402;3537;36;4076;10;831.538;31.798;22965;0.3124;3.387;3.960;3.440;4.008;0.7000
74;u002;0;1;0;1;53;7;6;6;13;143;6;5;5;10.000;1.43;1;1439;143;40;43;15179;85;1.3;0.3007;0.0501;1.061.469;176.911;5120;3644;36;4956;19;735.952;30.628;34289;0.0606;3.972;3.795;3.726;4.294;0.4737
75;u002;0;1;0;1;48;20;11;9;15;206;19;15;16;12.727;1.92;1;1327;97;24;22;17899;57;1.41;0.2268;0.0252;1.845.258;205.029;3045;1897;40;5018;15;810.952;35.670;30599;0.0413;3.880;3.704;3.436;3.880;0.6667
76;u021;1;0;1;0;21;8;1;9;20;110;6;6;6;20.000;0.89;1;745;236;102;45;4550;74;2.82;0.1907;0.0212;192.797;21.422;6857;5040;24;5067;20;827.500;0.8980;26235;0.0715;3.421;3.528;3.550;4.526;0.8000
77;u005;1;0;1;0;13;12;1;6;8;64;18;16;13;10.000;2.71;2;270;85;19;55;5460;43;2.5;0.6471;0.1078;642.353;107.059;3484;3358;35;4682;21;578.148;11.662;15404;0.0059;3.608;3.824;3.143;3.963;0.5238
78;u005;1;0;1;0;19;12;4;5;7;68;15;15;13;10.000;2.5;2;530;104;23;39;5618;67;1.71;0.3750;0.0750;540.192;108.038;3186;2643;43;4681;24;659.474;12.002;12399;0.1942;2.929;2.991;2.924;3.632;0.4167
79;u024;1;0;0;1;22;12;4;4;4;98;12;12;11;10.000;3;1;887;132;34;29;14929;55;1.76;0.2197;0.0549;1.130.985;282.746;3617;1610;50;4545;17;480.000;32.847;9435;0.0693;3.975;3.868;3.994;4.482;0.9412
80;u002;0;1;0;1;173;21;11;4;13;952;18;16;16;0.9091;3.43;1;6007;293;45;22;9652;169;2.04;0.0751;0.0188;329.420;82.355;18453;1808;39;5091;16;749.048;18.959;25334;0.0338;3.322;3.523;2.774;3.623;0.8667
81;u017;0;1;0;1;57;34;4;11;11;245;48;41;43;15.000;3.85;2;2252;45;16;13;5525;39;1.5;0.2889;0.0263;1.227.778;111.616;1520;2020;18;5187;13;1.201.667;10.652;20222;0.1451;3.987;3.786;3.473;4.394;0.6154
82;u002;0;1;0;1;77;25;10;10;17;265;26;20;22;11.000;2.67;1;3026;136;40;20;15644;89;1.4;0.1471;0.0147;1.150.294;115.029;6258;5133;29;4847;16;2.389.474;32.276;53753;0.0229;3.962;3.729;3.834;4.505;0.8750
83;u018;0;1;1;0;33;20;5;2;10;163;29;26;25;18.000;14.5;2;1058;43;11;9;5072;39;1;0.2093;0.1047;1.179.535;589.767;2067;2494;18;4908;10;1.222.500;10.334;21408;0.1940;3.475;4.050;3.496;4.111;0.9000
84;u018;0;1;1;0;23;19;0;7;8;115;24;21;20;NaN;3.43;2;555;29;7;7;5875;20;2;0.2414;0.0345;2.025.862;289.409;1209;2443;11;5021;0;2.511.667;11.701;17453;0.1901;3.945;3.803;3.846;4.613;0.8333
85;u017;0;1;1;1;20;15;0;3;9;92;18;18;17;NaN;7;2;590;43;12;12;4215;39;1;0.2791;0.0930;980.233;326.744;1848;2750;22;4872;9;1.965.455;0.8651;18111;0.1091;3.507;3.981;3.412;4.062;0.7778
86;u021;1;0;1;0;47;14;1;24;33;226;17;17;16;10.000;0.77;2;2498;317;122;37;8920;136;1.52;0.1167;0.0049;281.388;11.725;11212;4879;31;5329;17;1.283.611;16.739;28943;0.0389;3.773;3.836;3.850;4.727;0.7647
87;u017;0;1;1;0;103;73;14;14;15;474;83;82;72;15.000;6.43;2;4512;85;28;33;10015;68;1;0.3882;0.0277;1.178.235;84.160;5379;4088;42;4765;26;1.128.750;21.018;27593;0.1247;3.506;3.903;3.534;4.339;0.5417
88;u002;0;1;0;1;55;29;7;8;23;296;25;25;25;12.857;3.62;1;2338;156;34;34;14944;109;1.43;0.2179;0.0272;957.949;119.744;6814;5650;41;5473;23;1.576.061;27.305;56232;0.0053;3.568;3.495;4.128;3.910;0.9130
89;u007;1;0;1;1;25;11;3;4;4;175;23;22;20;26.667;5.6;3;1169;53;17;42;7330;21;2.53;0.7925;0.1981;1.383.019;345.755;1767;572;22;5597;12;123.415;13.096;4508;0.0485;3.677;3.613;3.699;4.234;0.9167
90;u018;0;1;1;0;15;12;1;6;13;56;19;16;16;10.000;2.5;2;404;19;4;4;6678;14;1.33;0.2105;0.0351;3.514.737;585.789;1205;2709;26;6329;5;6.266.667;10.551;33400;0.0294;3.851;3.926;3.443;4.078;0.6000
91;u020;1;0;1;0;32;21;5;3;4;223;18;16;17;20.000;3.8;1;2971;54;3;3;1268;10;1.57;0.0556;0.0185;234.815;78.272;2108;3511;28;4667;7;14.525.000;0.2717;14141;0.3977;3.509;3.865;3.662;4.108;0.8571
92;u018;0;1;1;0;36;24;2;6;14;259;30;29;28;30.000;6.17;2;1608;76;21;19;12854;53;2.75;0.2500;0.0417;1.691.316;281.886;4683;1737;33;4794;0;703.333;26.813;26065;0.2877;3.619;3.680;3.166;3.805;0.8750
93;u017;0;1;1;1;53;44;5;11;16;220;49;43;43;14.000;4.25;1;1856;94;20;24;11728;82;1.6;0.2553;0.0232;1.247.660;113.424;3490;2667;6;5194;20;999.130;22.580;29952;0.1454;3.563;3.706;3.090;3.678;0.2000
94;u017;0;1;1;1;21;15;3;6;9;68;14;12;9;13.333;2;1;676;68;11;14;5344;51;1.43;0.2059;0.0343;785.882;130.980;2344;2071;25;4937;12;763.846;10.824;17706;0.2638;3.487;3.582;2.385;3.254;0.9167
95;u005;1;0;1;0;40;25;8;5;6;204;38;24;20;18.750;7.6;1;2261;72;24;25;3743;42;2.27;0.3472;0.0694;519.861;103.972;2374;2476;35;4656;20;934.583;0.8039;8660;0.2522;2.820;3.125;2.933;3.693;0.2000
96;u018;0;1;1;0;73;50;10;12;18;312;66;65;59;16.000;5.31;2;3910;85;29;18;10069;66;1;0.2118;0.0176;1.184.588;98.716;4655;2586;20;5511;16;1.368.235;18.271;30695;0.1075;3.951;3.755;3.613;4.416;0.6250
97;u006;0;1;1;0;46;31;9;8;8;304;34;27;27;12.222;4.38;1;5671;35;16;24;4327;29;1.2;0.6857;0.0857;1.236.286;154.536;3573;830;30;4488;15;316.957;0.9641;9713;0.0874;3.579;3.970;3.780;4.467;0.7857
98;u021;1;0;1;0;24;11;1;11;19;126;14;11;11;10.000;1.17;2;2473;202;113;39;7429;34;3.92;0.1931;0.0176;367.772;33.434;8254;4667;52;4870;25;778.947;15.255;27433;0.0164;3.346;3.487;3.533;4.377;0.8400
99;u007;1;0;0;1;60;34;5;3;4;436;81;70;64;20.000;20.75;3;1973;121;48;58;10784;57;1.74;0.4793;0.1598;891.240;297.080;3775;1018;83;4794;21;164.211;22.495;10649;0.0139;3.841;3.912;3.468;4.158;0.9048
100;u005;1;0;1;1;32;28;5;4;6;194;53;52;50;24.000;13.75;3;550;62;31;95;6530;29;2.21;15.323;0.3831;1.053.226;263.306;1492;3777;49;4760;22;381.702;13.718;12332;0.0272;3.569;3.035;2.498;3.902;0.7273
101;u024;1;0;0;1;4;4;0;2;5;52;10;10;9;NaN;5;4;336;74;25;26;9578;31;11;0.3514;0.1757;1.294.324;647.162;1455;3500;41;5146;16;1.183.200;18.613;20881;0.1029;3.819;3.729;3.143;3.957;0.5000
102;u024;1;0;1;1;26;16;3;4;5;177;28;22;19;20.000;7;2;622;77;37;25;4127;26;1.08;0.3247;0.0812;535.974;133.994;2683;4101;35;3751;17;659.167;11.002;14747;0.7082;3.755;3.678;3.430;4.024;0.2353
103;u020;1;0;1;0;11;10;1;2;8;95;17;14;12;50.000;8.5;2;170;44;0;0;NaN;39;1;0.0000;0.0000;NaN;NaN;2084;4542;24;5005;0;NaN;NaN;13445;0.6487;3.475;3.883;3.205;4.081;0.4444
104;u007;1;0;1;0;6;4;1;1;1;42;5;4;4;30.000;2;2;256;60;20;64;5597;26;2;10.667;10.667;932.833;932.833;3564;538;17;5011;14;79.841;11.169;6155;0.0064;3.410;3.826;4.170;4.164;0.0714
105;u007;1;0;1;0;46;26;5;2;3;342;25;19;19;18.000;9.67;1;1208;133;47;54;9489;42;2.93;0.4060;0.2030;713.459;356.729;4848;573;51;5885;34;98.302;16.124;3418;0.0096;3.784;3.847;3.663;4.478;0.2941
106;u021;1;0;1;0;36;16;1;12;18;206;16;12;14;30.000;1.67;1;1505;303;79;23;5450;118;2.82;0.0759;0.0063;179.868;14.989;9364;3911;27;4677;17;1.541.364;11.653;19731;0.1596;3.290;3.615;3.258;4.514;0.5625
107;u017;0;1;1;0;71;60;1;8;10;332;61;57;47;20.000;7.33;1;2958;69;28;27;5915;60;1;0.3913;0.0489;857.246;107.156;2647;3836;43;4950;25;1.249.231;11.949;21632;0.1409;3.242;3.463;2.392;3.423;0.0800
108;u017;0;1;1;0;54;41;5;10;11;257;68;61;61;24.000;6.36;2;1697;88;18;17;5677;77;1;0.1932;0.0193;645.114;64.511;4906;2971;21;4790;18;1.165.000;11.852;19090;0.1731;3.106;3.754;3.120;3.724;0.0556
109;u007;1;0;1;0;37;11;3;2;2;283;13;11;9;20.000;9.5;1;613;122;67;72;14407;10;3.08;0.5902;0.2951;1.180.902;590.451;4234;704;34;10536;49;98.169;13.674;5059;0.0064;4.698;3.592;4.489;4.756;0.1458
110;u002;0;1;1;1;158;46;27;14;25;740;42;39;37;0.9259;3.29;1;8388;246;44;25;12468;141;2.45;0.1016;0.0073;506.829;36.202;11053;4505;44;5232;17;1.684.167;23.830;76156;0.0122;4.301;3.573;3.396;4.369;0.0588
111;u018;0;1;1;1;16;11;1;6;7;74;11;11;10;20.000;1.57;1;484;62;14;9;10021;37;1.71;0.1452;0.0242;1.616.290;269.382;5589;2317;41;4794;6;1.076.250;20.903;12450;0.2127;3.511;3.796;3.334;3.874;0.6667
112;u018;0;1;0;1;16;11;3;5;12;97;13;13;12;16.667;3.2;2;919;40;8;7;13279;28;1.57;0.1750;0.0350;3.319.750;663.950;1761;1778;16;5281;6;433.333;25.145;23798;0.0801;3.492;3.573;3.711;4.283;0.1667
113;u005;1;0;1;0;35;18;9;3;4;170;9;7;8;0.6667;4;0;1007;78;6;8;306;46;1.81;0.1026;0.0342;39.231;13.077;2194;942;12;1043;10;952.857;0.2934;4052;0.0486;2.660;3.611;3.655;3.035;0.5556
114;u005;1;0;1;0;49;47;2;9;10;289;39;28;26;20.000;3.73;1;888;157;35;54;5695;106;2.32;0.3439;0.0382;362.739;40.304;5771;3338;45;4714;38;586.604;12.081;14990;0.0142;3.694;3.714;3.798;4.546;0.1579
115;u005;1;0;1;0;7;5;1;7;10;26;7;7;7;10.000;1;2;140;131;44;62;6817;28;4.4;0.4733;0.0676;520.382;74.340;3534;4045;49;4842;47;633.770;14.079;16094;0.0137;3.933;3.791;3.865;4.428;0.1522
116;u006;0;1;1;0;17;7;2;6;9;90;5;5;5;20.000;0.83;1;5742;12;9;6;1399;10;0;0.5000;0.0833;1.165.833;194.306;1548;489;26;2586;6;784.000;0.5410;8119;0.0426;3.262;3.915;4.182;4.325;0.0000
117;u002;0;1;0;1;34;17;5;10;15;148;17;17;14;14.000;2;1;2776;75;13;31;9516;45;1.87;0.4133;0.0413;1.268.800;126.880;2891;5486;36;4998;22;1.749.000;19.040;47171;0.0312;3.550;3.873;4.128;3.950;0.5000
118;u025;1;0;1;1;36;29;2;6;8;251;48;44;34;30.000;6.88;2;3692;28;17;18;4601;15;3.2;0.6429;0.1071;1.643.214;273.869;6224;941;33;5076;12;275.294;0.9064;15684;0.1867;3.857;4.120;3.462;4.268;0.0833
119;u002;0;1;0;1;78;22;13;14;19;478;32;29;27;15.385;1.88;2;5658;75;26;24;9361;44;1.53;0.3200;0.0229;1.248.133;89.152;6300;3755;36;4992;18;1.509.565;18.752;63249;0.0155;3.180;2.992;2.652;3.149;0.1667
120;u021;1;0;1;1;24;9;3;13;28;144;9;9;8;16.667;0.93;1;2320;294;84;33;6123;52;3.14;0.1122;0.0086;208.265;16.020;8491;4069;27;4663;27;1.171.250;13.131;22371;0.0098;3.314;3.014;3.157;4.372;0.0000
121;u017;0;1;1;1;28;25;1;10;13;102;38;34;28;10.000;3.45;2;888;57;25;20;4150;49;0;0.3509;0.0351;728.070;72.807;2568;2359;11;4841;21;1.070.000;0.8573;22673;0.1700;3.644;3.766;3.337;4.367;0.0952
122;u002;0;1;0;1;98;32;19;7;8;729;26;20;21;0.8421;4.5;1;5798;112;11;5;1487;79;1;0.0446;0.0064;132.768;18.967;4497;480;28;717;3;962.500;20.739;11010;0.0197;2.372;3.695;3.885;2.800;10.000
123;u001;1;0;1;0;8;1;0;8;9;45;3;3;3;NaN;0.38;6;558;129;25;11;4509;116;1;0.0853;0.0107;349.535;43.692;2977;249;23;3231;11;198.000;13.955;2307;0.0096;3.451;3.882;3.781;3.973;0.4545
124;u018;0;1;1;0;13;8;1;6;7;57;12;11;10;20.000;1.86;2;386;45;11;7;2579;24;1.25;0.1556;0.0259;573.111;95.519;2264;1822;10;4851;8;2.885.000;0.5316;14479;0.6349;2.993;3.699;2.865;3.488;0.1250
125;u021;1;0;1;0;30;14;1;9;11;178;13;8;7;30.000;1.5;1;1719;71;41;27;5899;56;1;0.3803;0.0423;830.845;92.316;4634;4211;20;4721;11;1.587.692;12.495;24476;0.0233;3.737;3.644;3.927;4.438;0.6364
126;u006;0;1;1;0;37;33;2;3;4;269;41;37;39;30.000;5.88;2;7134;22;12;15;5041;21;0;0.6818;0.2273;2.291.364;763.788;4094;901;29;4411;12;520.714;11.428;12960;0.0904;3.665;3.882;3.873;4.330;0.1818
127;u002;0;1;0;1;44;17;8;10;17;328;21;18;17;17.500;2.45;2;3346;214;51;33;14887;118;1.89;0.1542;0.0154;695.654;69.565;6302;4212;53;5392;20;1.106.250;27.609;43701;0.0313;3.918;3.575;2.855;3.833;0.5500
128;u002;0;1;0;1;52;21;7;8;9;378;24;23;23;14.286;2.8;2;4501;141;50;46;21099;77;1.54;0.3262;0.0408;1.496.383;187.048;8177;2473;44;4791;19;429.556;44.039;27361;0.0603;3.576;3.772;3.776;4.096;0.3333
129;u006;0;1;1;0;11;6;0;2;2;98;12;11;10;NaN;1.5;3;4543;15;12;13;2905;14;0;0.8667;0.4333;1.936.667;968.333;2285;713;14;4600;12;466.667;0.6315;16640;0.1035;3.417;4.124;4.184;4.423;0.2500
130;u024;1;0;1;1;2;1;0;1;3;4;1;1;1;NaN;0.5;2;32;64;18;17;6943;17;3.11;0.2656;0.2656;1.084.844;1.084.844;2317;1513;38;6040;10;810.625;11.495;7443;0.0916;4.057;3.612;3.600;4.443;0.4000
131;u007;1;0;1;1;68;35;12;3;3;408;43;37;35;10.833;12.25;2;3010;93;28;54;16833;50;2.04;0.5806;0.1935;1.810.000;603.333;3108;485;35;6053;19;75.660;27.809;6214;0.0062;4.246;3.957;4.485;4.934;0.1053
132;u017;0;1;1;1;8;7;0;1;4;34;7;6;7;NaN;7;1;746;76;46;26;7902;16;1.71;0.3421;0.3421;1.039.737;1.039.737;1585;2959;37;5048;16;1.093.200;15.654;14694;0.2169;3.403;3.706;3.266;3.904;0.3750
133;u017;0;1;1;0;157;122;8;15;18;826;195;188;179;36.250;12.31;3;7898;143;31;25;5369;123;1.25;0.1748;0.0117;375.455;25.030;6716;2527;17;4673;36;869.583;11.489;17947;0.1044;3.475;4.013;3.745;4.112;0.0556
134;u021;1;0;1;1;25;20;1;8;8;100;27;24;18;20.000;3.38;2;1027;42;14;16;3957;35;1;0.3810;0.0476;942.143;117.768;1862;3270;11;5159;14;1.906.667;0.7670;23391;0.1864;3.581;3.611;2.989;4.068;0.0714
135;u007;1;0;1;1;38;13;3;21;24;232;20;17;19;20.000;0.95;2;1629;238;93;39;10383;105;1.45;0.1639;0.0078;436.260;20.774;6825;3842;64;5075;12;907.368;20.459;26482;0.0140;3.740;3.919;3.381;4.442;0.2500
136;u007;1;0;1;1;12;5;2;1;2;66;6;5;4;20.000;4;1;699;69;29;38;12069;5;5.03;0.5507;0.5507;1.749.130;1.749.130;2212;601;38;5816;20;156.757;20.751;8881;0.0268;3.468;3.252;3.412;3.921;0.5500
137;u005;1;0;1;0;8;7;1;4;5;44;7;7;7;20.000;1.75;2;184;144;42;64;5694;38;1.95;0.4444;0.1111;395.417;98.854;4284;3767;55;4824;48;573.333;11.803;13104;0.0146;3.836;3.430;2.729;3.985;0.1875
138;u002;0;1;1;1;121;50;25;2;3;704;46;35;35;12.400;15.75;1;4259;199;50;15;1967;137;1.71;0.0754;0.0377;98.844;49.422;7911;820;23;1128;11;570.714;17.438;6535;0.1423;2.979;3.725;3.730;3.036;0.6000
139;u005;1;0;1;0;45;30;10;11;12;308;36;29;31;18.000;3.5;2;1465;271;71;47;3963;140;3.52;0.1734;0.0158;146.236;13.294;11922;3621;46;4507;69;757.391;0.8793;15576;0.0025;3.442;4.380;3.245;4.071;0.2273
140;u018;0;1;1;1;15;13;0;4;8;104;24;20;15;NaN;5.6;2;967;27;8;8;6745;11;2.12;0.2963;0.0741;2.498.148;624.537;1812;2834;20;5499;7;2.864.286;12.266;22050;0.0809;3.205;3.788;2.979;3.945;0.1429
141;u002;0;1;0;1;80;29;13;6;12;674;23;20;20;13.077;3.86;1;5919;158;18;13;9924;87;3.11;0.0823;0.0137;628.101;104.684;9548;1293;45;5286;11;444.167;18.774;28526;0.0212;3.766;3.399;3.428;3.813;0.5455
142;u020;1;0;1;0;12;10;1;4;4;75;13;11;12;30.000;3.2;2;255;69;4;5;894;40;1.5;0.0725;0.0181;129.565;32.391;2928;3096;15;4738;8;3.632.500;0.1887;12845;0.3784;3.617;4.085;3.840;4.342;0.1429
143;u017;0;1;1;1;24;23;0;5;10;88;32;29;27;NaN;6.8;2;1381;50;20;17;3729;44;1;0.3400;0.0680;745.800;149.160;2052;2827;30;4817;17;443.125;0.7741;16456;0.1587;3.454;3.413;2.977;3.753;0.0000
144;u002;0;1;0;1;136;48;19;10;19;637;34;28;28;0.7895;3.08;1;6572;256;92;38;33542;158;1.31;0.1484;0.0148;1.310.234;131.023;10282;3976;53;5109;11;1.042.162;65.653;41933;0.0470;4.124;3.722;3.558;4.219;0.6667
145;u017;0;1;1;0;51;37;7;12;22;208;44;44;32;17.143;3.62;2;2015;57;19;22;8043;42;1.2;0.3860;0.0322;1.411.053;117.588;2326;3559;27;5045;19;1.416.667;15.943;28934;0.1268;4.120;3.934;3.812;4.489;0.0000
146;u006;0;1;1;0;29;19;2;5;6;182;17;17;14;15.000;3.17;1;2446;24;2;2;NaN;18;1;0.0833;0.0167;NaN;NaN;948;396;9;1189;3;1.350.000;NaN;4336;0.2777;2.797;3.827;4.095;3.361;0.0000
147;u006;0;1;1;0;12;6;3;4;4;76;6;6;5;13.333;0.86;1;1961;18;7;7;2233;18;0;0.3889;0.0972;1.240.556;310.139;1458;934;8;4597;8;1.073.333;0.4858;13897;0.0776;3.864;4.274;4.349;4.825;0.3750
148;u020;1;0;1;0;19;16;2;5;6;117;22;19;21;20.000;4.4;2;1919;55;16;5;1446;34;1.4;0.0909;0.0182;262.909;52.582;1985;3803;36;4799;10;4.610.000;0.3013;18126;0.5483;3.079;4.048;3.126;3.578;10.000
149;u017;0;1;0;1;53;44;5;11;14;243;65;52;51;16.000;6.27;2;1440;55;12;16;22571;44;1.25;0.2909;0.0264;4.103.818;373.074;2308;2716;11;5154;0;1.532.000;43.793;23305;0.0023;4.171;3.879;3.591;4.293;0.2000
150;u024;1;0;1;1;9;8;0;3;6;48;10;8;9;NaN;4;2;185;204;97;40;12360;29;1.88;0.1961;0.0654;605.882;201.961;3886;6374;36;5150;16;1.440.769;24.000;29490;0.4299;3.587;3.635;3.907;4.417;0.0625
;;;;113;79;;;;;;;;;;;;;;;;;;;;;;;;;;;;;;;;;;;;;
